iterations,groundtruth_num,num_detections,nms_threshold,confidence_threshold,precision,recall,f1_score
1,81,189119,0.5,0.4,0.0004388226388599388,0.9876543209876543,0.0008772555061490129
2,81,228028,0.5,0.4,0.000982269415363191,0.9753086419753086,0.001962562261666687
3,81,237508,0.5,0.4,0.0006255641955561186,0.9753086419753086,0.0012503264301597728
4,81,212497,0.5,0.4,0.0005308383928867655,0.9876543209876543,0.0010611064687703101
