iterations,groundtruth_num,num_detections,nms_threshold,confidence_threshold,precision,recall,f1_score
1,1283,593731,0.5,0.4,0.0022092151315431315,0.9836321122369447,0.004408528808639294
2,1283,194996,0.5,0.4,0.006018611398324048,0.9127045985970382,0.01195836622097887
