iterations,groundtruth_num,num_detections,nms_threshold,confidence_threshold,precision,recall,f1_score
1,1283,3417,0.5,0.4,0.3458830731558004,0.882307092751364,0.49695087483882194
2,1283,382795,0.5,0.4,0.0032714488632634145,0.9719407638347622,0.006520948908565786
